Name,Price,Specifications
MS SPORT TRADERS Sports Hard Plastic (3 Wickets + 2 Bai...,₹349,Yellow
HRSGS Willow bat full size orange grip Poplar Willow Cr...,₹340,.800 kg
WILLAGE Cricket Wicket Plastic Cricket Stumps Set - 3 S...,₹276,Yellow
Ceat six hitman Bat with COVER Poplar Willow Cricket  B...,₹340,900-1000 g
ironspots KOOKABURRA Kahuna Full Size ( Poplar Willow) ...,₹348,1 kg
MRF VIRAT KOHLI GRAND EDITION TENNIS CRICKET BAT Poplar...,₹340,1-1.2 kg
SUNLEY Junior Cricket Bat Size 3 For Age Group 8 Years ...,₹260,1-1.2 kg
Adrenex by Flipkart Heavy Cricket Tennis Ball,₹199,"Pack of 3, Red"
Rixen Cricket Net Ground Bondri 5x10 Feet Cricket Net,₹149,Green
Sun Fly Club Cricket Leather Ball,₹303,"Pack of 2, Multicolor"
VICKY Pro heavy cricket tennis ball Cricket Tennis Ball,₹319,"Pack of 6, Red"
NB EXCLUSIVE NB DC 1080 Vigorous bat ( Poplar Willow) C...,₹300,1 kg
Swami Cricket Tennis Balls Pack Of 3 Cricket Tennis Bal...,₹99,Pack of 3
Kiraro Set of 1Cricket Bat Handle Gripper With 2Bat Han...,₹190,Pack of 3
LYCAN Full Size Pvc/ Hard Plastic Cricket Bat For age 1...,₹349,800 g
CEAT Hitman Full Size Double Blade Poplar Cricket Bat -...,₹350,1.2 kg
"WILLAGE Plastic bat , Plastic bat full size , Plastic b...",₹390,600-700 g
CEAT size Poplar Willow Cricket  Bat,₹299,700 g
MRF Genius Virat Kohli bat|Size-6| For 10-13 Years Boys...,₹294,950-1100 g
Priya Sports Practice-Red Cricket Training Ball,₹197,"Pack of 1, Red"
VICTORY Plastic Cricket Stump Set,₹299,"Green, Black"
Proactive Heavy Plastic Cricket Stumps Set - 3 Stumps +...,₹232,Yellow
Revelon Bat Grip Set Tacky Touch,₹220,"Multicolor, Pack of 7"
Red Lion Cricket Bat Grip Cone & Knocking Hammer Bat Ma...,₹183,"Multicolor, Pack of 7"
SUNLEY Sarthak Junior Combo Cricket Kit,₹651,Bat Size: 3 (For 8 Years Kids)
sterling Cricket Bat Knocking Wooden Hammer Wood Bat Ma...,₹131,Bat Size: 3 (For 8 Years Kids)
VICKY Light Cricket Tennis Ball (Pack of 6) Cricket Ten...,₹348,"Pack of 6, Yellow"
Headly Heavy Cricket Tennis Ball,₹199,"Pack of 3, Yellow"
Proactive SPORTS Heavy Plastic Cricket Stumps Set- 4 St...,₹340,Yellow
"WILLAGE Cricket Stumps Set of 6 , Cricket Wicket , Plas...",₹480,Multicolor
CEAT HITMEN HIMACHAL WILLOW BAT 140 Poplar Willow Crick...,₹354,0.950 kg
MRF Genius Virat Kohli bat|Size-4| For 8-11 Years Boys/...,₹294,950-1100 g
VICTORY Heavy Plastic Cricket Stumps Set,₹299,Black
Spartan Diamond Players Edition Cricket Bat Poplar Will...,₹480,1.2 kg
Kiraro Set of 2Cricket Bat Handle Replacement Grip with...,₹174,"White, Pack of 3"
Forever Online Shopping 1 Cricket Leather Ball,₹189,"Pack of 1, Red"
CEAT POPLAR WILLOW CRICKET BAT (No- 6) Poplar Willow Cr...,₹305,0.900 g
Rixen Cricket Net 30x10 Feet Cricket Net,₹599,Blue
COMPASS Light Weight Pack Of 6 Piece Cricket Tennis Bal...,₹199,"Pack of 6, Yellow"
Raider Glass Fiber Protection Tape,₹270,White
