Name,Price,Specifics,Ratings
kiara Creations 214 cm (7 ft) Polyester Door Curtain (P...,₹689,"Printed, Green",4.1
kiara Creations 214 cm (7 ft) Polyester Door Curtain (P...,₹399,"Printed, Blue",4
Flipkart SmartBuy 214 cm (7 ft) Polyester Door Curtain ...,₹119,"Self Design, Pink",3.7
Home Sizzler 153 cm (5 ft) Polyester Window Curtain (Pa...,₹449,"Floral, Brown",4.2
Home Sizzler 214 cm (7 ft) Polyester Door Curtain (Pack...,₹499,"Floral, Brown",4.2
Ville Style 153 cm (5 ft) Polyester Window Curtain (Pac...,₹399,"Floral, Maroon",4.1
Urban Home 214 cm (7 ft) PVC Door Curtain Single Curtai...,₹260,"Solid, off-white",3.8
Home Sizzler 214 cm (7 ft) Polyester Door Curtain (Pack...,₹499,"Floral, Green",4.2
Adimanav 213.36 cm (7 ft) Polyester Door Curtain (Pack ...,₹559,"Floral, Blue",4.1
Home Sizzler 153 cm (5 ft) Polyester Window Curtain (Pa...,₹399,"Floral, Green",4.2
Shoolin Homes 152.4 cm (5 ft) Polyester Window Curtain ...,₹359,"Floral, Pink",4.4
Home Sizzler 214 cm (7 ft) Polyester Door Curtain (Pack...,₹499,"Floral, Blue",4.2
Home Sizzler 214 cm (7 ft) Polyester Door Curtain (Pack...,₹599,"Floral, Maroon",4.2
kiara Creations 214 cm (7 ft) Polyester Door Curtain (P...,₹682,"Printed, Brown",4
Ville Style 214 cm (7 ft) Polyester Door Curtain (Pack ...,₹499,"Floral, Maroon",4.2
DPCREATIONS 212 cm (7 ft) Polyester Door Curtain Single...,₹372,"Printed, Multicolor",4.3
Adimanav 152.4 cm (5 ft) Polyester Window Curtain (Pack...,₹459,"Floral, Blue",4.1
HOMETIQUE 152.4 cm (5 ft) Polyester Window Curtain Sing...,₹181,"Geometric, Brown",3.8
Fashion String 213 cm (7 ft) Polyester Door Curtain (Pa...,₹599,"Self Design, Blue",4.1
Galaxy Home Decor 153 cm (5 ft) Polyester Window Curtai...,₹599,"Printed, Aqua",4.1
Home Sizzler 275 cm (9 ft) Polyester Long Door Curtain ...,₹599,"Floral, Brown",4.2
Home Sizzler 153 cm (5 ft) Polyester Window Curtain (Pa...,₹449,"Abstract, Brown",4.2
Home Sizzler 214 cm (7 ft) Polyester Door Curtain (Pack...,₹499,"Abstract, Brown",4.2
kiara Creations 214 cm (7 ft) Net Door Curtain (Pack Of...,₹539,"Floral, Cream",4.3
Ville Style 152 cm (5 ft) Polyester Window Curtain (Pac...,₹399,"Floral, Green",4.2
Urban Home 275 cm (9 ft) PVC Long Door Curtain Single C...,₹290,"Solid, off-white",3.8
Shoolin Homes 152.4 cm (5 ft) Polyester Window Curtain ...,₹299,"Floral, Blue",4.4
Flipkart SmartBuy 214 cm (7 ft) Polyester Door Curtain ...,₹119,"Self Design, Blue",3.7
Home Sizzler 153 cm (5 ft) Polyester Window Curtain (Pa...,₹499,"Floral, Maroon",4.2
kiara Creations 214 cm (7 ft) Net Door Curtain (Pack Of...,₹539,"Floral, White",4.3
Saanvi Creations 213 cm (7 ft) Polyester Door Curtain (...,₹399,"Floral, Brown",3.8
Galaxy Home Decor 214 cm (7 ft) Polyester Door Curtain ...,₹699,"Floral, Purple",4.5
Home Sizzler 214 cm (7 ft) Polyester Door Curtain (Pack...,₹499,"Floral, Maroon",4.2
Galaxy Home Decor 214 cm (7 ft) Polyester Door Curtain ...,₹799,"Printed, Green",3.7
Guruh Homes 152.4 cm (5 ft) Polyester Window Curtain (P...,₹449,"Printed, Brown",4.1
hd interio Multicolor Rod Rail Bracket,₹399,Pack of 8,3.9
Flipkart SmartBuy 214 cm (7 ft) Polyester Door Curtain ...,₹119,"Self Design, Red",3.7
Home Sizzler 153 cm (5 ft) Polyester Window Curtain (Pa...,₹449,"Floral, Blue",4.2
Home Sizzler 153 cm (5 ft) Polyester Window Curtain (Pa...,₹399,"Floral, Pink",4.2
Galaxy Home Decor 214 cm (7 ft) Polyester Door Curtain ...,₹599,"Floral, Yellow",4.2
