Name,Price,Specifics,Rating
Portronics Wood Portable Laptop Table,₹799,Finish Color - Black,4.4
Patelraj Metal Open Book Shelf,₹499,Finish Color - Glossy Black,3.6
limraz furniture L 56 Engineered Wood Study Table,"₹1,179","Free Standing, Finish Color - brown",4.2
Patelraj Solid wood Multipurpose using Table Solid Wood...,"₹1,099","Free Standing, Finish Color - Brown",4.1
3D METRO SUPER STORE Wood Portable Laptop Table,₹519,Finish Color - BLACK,4
BROWNIE Engineered Wood Computer Desk,"₹1,180","Straight, Finish Color - Brown",4.1
Furn Master Wood Portable Laptop Table,"₹1,699",Finish Color - Pitch Black,4
Karmax Wood Portable Laptop Table,₹799,Finish Color - Black Brushed,4.3
Portronics POR-1231 My Buddy One Plus Wood Portable Lap...,₹999,Finish Color - Brown,4.4
kitchoff Wood Portable Laptop Table,₹630,Finish Color - Black,3.9
PRAYRAA Wood Portable Laptop Table,₹799,Finish Color - Multicolor,5
Portronics POR-1191 My Buddy One Plus Wood Portable Lap...,₹999,Finish Color - Black Brushed,4.4
Flipkart Perfect Homes Studio Pink Wood Portable Laptop...,₹489,Finish Color - PINK,3.8
radhe creation Wood Portable Laptop Table,₹640,Finish Color - Pink,4.1
CMerchants BOOK SHELF-5RACK Metal Open Book Shelf,₹645,Finish Color - BLUE,4.1
avighnaa enterprise Engineered Wood Study Table,"₹1,099","Free Standing, Finish Color - Brown",4.3
Flipkart Perfect Homes Studio Wood Portable Laptop Tabl...,₹489,Finish Color - BLACK,3.8
Furn Master Wood Portable Laptop Table,"₹1,699",Finish Color - Blue,4
Furn Master Wood Portable Laptop Table,"₹2,299",Finish Color - Black,4.1
Duratek Task M1 Fabric Office Executive Chair,"₹3,950",Black,4.2
Bhumika Wood Portable Laptop Table,₹519,Finish Color - BLACK,3.8
kitchoff Wood Portable Laptop Table,₹635,Finish Color - Beige,3.9
vatical creation Multi-Purpose Laptop Table Portable La...,₹579,"Free Standing, Finish Color - Black",3.9
Ebee Wood Portable Laptop Table,"₹1,199",Finish Color - Brown,3.9
CMerchants Multi Organiser BLue-4 Book Shelf Metal Open...,₹549,Finish Color - BLUE,4.1
vatical creation Wood portable laptop table (black) Eng...,₹579,"Free Standing, Finish Color - black",4.8
Patelraj Metal Open Book Shelf,₹499,Finish Color - black,3.6
TNV ENTERPRISE MATT BLACK Wood Portable Laptop Table,₹799,Finish Color - Matt black,4.1
Portronics Laptop Cooling Stand Wood Portable Laptop Ta...,"₹1,899",Finish Color - Brown,4.4
MemeHO BL Wood Portable Laptop Table,₹799,Finish Color - Black,4.4
Portronics Cool Pad Wood Portable Laptop Table,"₹1,899",Finish Color - Grey,4.4
Woxen Wood Portable Laptop Table,₹599,Finish Color - Black,4
Acnos Wood Portable Laptop Table,₹599,Finish Color - Black,4.1
Patelraj Metal Open Book Shelf,₹499,Finish Color - Red,3.6
Patelraj Smart Metal Open Book Shelf,₹699,Finish Color - White blue,4.1
FABB Wood Portable Laptop Table,₹499,Finish Color - Walnut Black,4
eduway Smart buy Engineered Wood Study Table,₹499,"Free Standing, Finish Color - Multi-Color",3.7
CMerchants Multi Organiser BLue-7 Book Shelf Metal Open...,₹849,Finish Color - BLUE,4.1
limraz furniture Engineered Wood Computer Desk,"₹1,179","Straight, Finish Color - brown",4.2
Patelraj Computer Table and Laptop Table Solid Wood Stu...,"₹1,099","Free Standing, Finish Color - Glossy Brown",4.1
