Name,Price,Ratings
IFITech 9W Cool White (6000K) Dusk to Dawn Light Bulb I...,"₹1,250",3.7
Smitch Wi-Fi White Ambience (6500k) - (10W) B22 Base Sm...,₹199,4
Shailputri TM 18 Colour Changing Smart Led Music Bulb R...,₹329,4
ECOELECTRA TM (R) Music bulb Smart Bulb,₹339,4.1
"EvaaHub SMART LED BULB , 5 W bluetooth Sterio Speaker F...",₹349,3.9
hpsp Dalco Multi Color Changing RBG Led Music Light Bul...,₹299,4
EncyKick Led Bulb with Bluetooth Speaker Music Light Bu...,₹279,3.9
mamta enterprises Multi Color Changing RBG Led Music Li...,₹320,4
Skynex Multi Color Changing RBG Led Music Light Bulb Bl...,₹290,4
PHILIPS Smart Wi-Fi LED Bulb WiZ Connected B22 10-Watt ...,₹799,4.2
ZugZwang led Bulb Speaker Light Bluetooth Bluetooth Spe...,₹273,3.8
CKT Bluetooth Multi Color RBG Led Music Light Bulb For ...,₹275,3.9
JAISDERS Led Bulb with Bluetooth Speaker Music Light Bu...,₹329,3.9
Mi LED B22 Color 9 W Smart Bulb,₹699,4.1
Smitch Wi-Fi RGB - (10W) B22 Base Smart Bulb,₹599,4.1
realme LED Wi-Fi Smart Bulb 12W Smart Bulb,₹999,4
RetailShopping SMART LED BULB Smart Bulb,₹274,3.7
Foax ed Bulb with Bluetooth Speaker Music Light Bulb B2...,₹329,4
VISHWANTHA Color Changing LED Light Music Bulb with Blu...,₹299,4
Lutain Multi Color Changing RBG Led Music Light Bulb Bl...,₹310,3.6
EvaaHub spin scrubber Smart Bulb,₹349,3.9
Stir Collections Stir Collection Music Light Bulb Smart...,₹283,4
Mi Bedside Lamp 2 Smart Bulb,"₹2,499",4.6
Zimork Smart color changing Bluetooth speaker LED Bulb ...,₹379,3.9
Syska Smart Wi-Fi Led Bulb 9W 16Million Shades Smart Bu...,₹649,3.8
HALONIX Wi-Fi PRIZM 12W B-22 Million Colors Smart Bulb,₹699,4
EvaaHub LED Bluetooth Smart Music Light Bulb Colored le...,₹349,4.1
"Mi WiFi 10 W LED (White and Color, E27 Base) Smart Bulb",₹999,4
CRETO LED Light Music Playing Bulb Smart Bulb,₹549,4
NG NEEL GAGAN TM 18 Colour Changing Smart Led Music Bul...,₹319,4.4
Shailputri New Collection LED Crystal Rotating Bulb Wit...,₹450,4.5
JMMART Star Master Night Light Smart Tube Light,₹384,3.6
Divinext 14 Keys + Lock + 300 Color Changes RF Wireless...,₹249,4
RFV1 ™ Led Bulb with Bluetooth Speaker Music Light Bulb...,₹355,4
realme LED Wi-Fi Smart Bulb 9W Smart Bulb,₹799,4
mafya 7 W Bluetooth Speaker Remote Control Speaker led ...,₹285,4
Mi Smart LED 1S Table Lamp,"₹2,499",4.6
Shailputri E27 B22 Music Bulb WIth Free Base Convertor ...,₹299,3.8
CKT Bluetooth Multi Color RBG Led Music Light Bulb For ...,₹270,3.5
KAAYA FASHION Number One Star Master Sky Starry Night L...,₹352,4
